airline,date_of_journey,source,destination,dep_time,arrival_time,duration,total_stops,additional_info,price
Jet Airways,2019-06-21,Mumbai,Hyderabad,10:20:00,11:50:00,90,0.0,No Info,8040
Multiple Carriers,2019-06-06,Delhi,Cochin,11:25:00,19:00:00,455,1.0,No Info,10877
Jet Airways,2019-06-06,Banglore,Delhi,11:10:00,14:05:00,175,0.0,No Info,8016
Jet Airways,2019-03-21,Banglore,New Delhi,09:45:00,15:55:00,370,1.0,In-flight meal not included,7280
Jet Airways,2019-06-12,Kolkata,Banglore,06:30:00,12:00:00,330,1.0,In-flight meal not included,9899
Indigo,2019-03-03,Banglore,New Delhi,13:40:00,18:35:00,295,1.0,No Info,8662
Indigo,2019-03-12,Kolkata,Banglore,21:25:00,00:05:00,160,0.0,No Info,4148
Air India,2019-03-03,Delhi,Cochin,19:00:00,07:40:00,760,1.0,No Info,14777
Multiple Carriers,2019-06-03,Delhi,Cochin,09:00:00,19:00:00,600,1.0,No Info,13714
Indigo,2019-03-27,Kolkata,Banglore,15:20:00,17:55:00,155,0.0,No Info,5198
Jet Airways,2019-04-01,Kolkata,Banglore,21:10:00,04:40:00,450,1.0,No Info,13364
Indigo,2019-06-18,Kolkata,Banglore,15:15:00,17:45:00,150,0.0,No Info,4804
Indigo,2019-05-21,Delhi,Cochin,17:10:00,01:30:00,500,1.0,No Info,6794
Air India,2019-03-18,Banglore,New Delhi,00:30:00,08:45:00,495,1.0,No Info,13859
Jet Airways,2019-05-21,Kolkata,Banglore,10:20:00,17:35:00,435,1.0,In-flight meal not included,5608
Indigo,2019-05-24,Kolkata,Banglore,20:20:00,22:55:00,155,0.0,No Info,4804
Indigo,2019-05-15,Chennai,Kolkata,05:15:00,07:40:00,145,0.0,No Info,3540
Jet Airways,2019-03-18,Banglore,New Delhi,11:40:00,10:25:00,1365,1.0,In-flight meal not included,11087
Indigo,2019-03-06,Delhi,Cochin,06:40:00,22:20:00,940,1.0,No Info,6442
Air India,2019-05-09,Delhi,Cochin,20:15:00,19:15:00,1380,2.0,No Info,13591
Indigo,2019-05-18,Delhi,Cochin,09:15:00,01:30:00,975,1.0,No Info,7503
Air India,2019-05-24,Kolkata,Banglore,20:45:00,23:20:00,155,0.0,No Info,4145
Vistara,2019-05-15,Kolkata,Banglore,07:10:00,10:45:00,1655,1.0,No Info,8452
Indigo,2019-05-21,Banglore,Delhi,00:30:00,03:25:00,175,0.0,No Info,3419
Jet Airways,2019-05-15,Kolkata,Banglore,14:05:00,16:20:00,1575,1.0,In-flight meal not included,10844
Jet Airways,2019-04-01,Kolkata,Banglore,18:55:00,23:35:00,1720,1.0,In-flight meal not included,7064
Jet Airways,2019-03-06,Banglore,New Delhi,14:05:00,11:25:00,1280,1.0,No Info,15025
Vistara,2019-06-18,Banglore,Delhi,07:00:00,09:40:00,160,0.0,No Info,4668
Jet Airways,2019-03-12,Banglore,New Delhi,22:55:00,09:30:00,635,1.0,No Info,13817
Air India,2019-05-15,Kolkata,Banglore,20:30:00,20:25:00,1435,1.0,No Info,10203
Jet Airways,2019-05-21,Delhi,Cochin,07:05:00,04:25:00,1280,1.0,In-flight meal not included,12898
Indigo,2019-03-21,Banglore,New Delhi,18:25:00,21:20:00,175,0.0,No Info,6144
Multiple Carriers,2019-05-15,Delhi,Cochin,10:00:00,21:00:00,660,1.0,No Info,8073
Spicejet,2019-05-21,Kolkata,Banglore,06:55:00,09:30:00,155,0.0,No Info,3873
Multiple Carriers,2019-03-27,Delhi,Cochin,09:00:00,15:30:00,390,1.0,No Info,6673
Spicejet,2019-05-12,Chennai,Kolkata,17:45:00,20:05:00,140,0.0,No Info,3597
Indigo,2019-05-09,Chennai,Kolkata,05:15:00,07:40:00,145,0.0,No Info,3540
Jet Airways,2019-06-12,Delhi,Cochin,21:25:00,12:35:00,910,2.0,In-flight meal not included,11507
Multiple Carriers,2019-03-03,Delhi,Cochin,10:45:00,18:50:00,485,1.0,No Info,15135
Indigo,2019-04-21,Delhi,Cochin,02:00:00,07:25:00,325,1.0,No Info,5636
Jet Airways,2019-05-09,Kolkata,Banglore,14:05:00,10:05:00,1200,1.0,In-flight meal not included,7757
Jet Airways,2019-05-21,Kolkata,Banglore,18:55:00,12:00:00,1025,1.0,In-flight meal not included,10844
Vistara,2019-05-18,Kolkata,Banglore,17:00:00,10:45:00,1065,1.0,No Info,9187
Air India,2019-06-09,Kolkata,Banglore,09:10:00,13:15:00,245,1.0,No Info,8996
Multiple Carriers,2019-05-27,Delhi,Cochin,14:00:00,01:30:00,690,1.0,No Info,13377
Multiple Carriers,2019-03-27,Delhi,Cochin,13:05:00,22:20:00,555,1.0,No Info,6076
Spicejet,2019-05-15,Chennai,Kolkata,17:45:00,20:05:00,140,0.0,No Info,3597
Indigo,2019-03-09,Delhi,Cochin,04:55:00,12:00:00,425,1.0,No Info,6171
Goair,2019-06-09,Kolkata,Banglore,06:40:00,14:35:00,475,1.0,No Info,3673
Indigo,2019-05-21,Mumbai,Hyderabad,06:25:00,07:55:00,90,0.0,No Info,4049
Air India,2019-05-18,Kolkata,Banglore,17:30:00,20:25:00,1615,1.0,No Info,10623
Air Asia,2019-05-18,Kolkata,Banglore,19:55:00,23:30:00,215,1.0,No Info,6857
Jet Airways,2019-03-21,Banglore,New Delhi,18:40:00,11:25:00,1005,1.0,In-flight meal not included,7832
Air India,2019-03-06,Delhi,Cochin,18:05:00,21:10:00,185,0.0,No Info,7931
Jet Airways,2019-05-09,Delhi,Cochin,05:30:00,19:00:00,810,2.0,No Info,15129
Jet Airways,2019-03-06,Banglore,New Delhi,07:00:00,19:10:00,730,1.0,No Info,16736
Jet Airways,2019-03-12,Banglore,New Delhi,22:55:00,10:25:00,690,1.0,No Info,13817
Vistara,2019-04-01,Kolkata,Banglore,20:20:00,09:05:00,765,1.0,No Info,7980
Jet Airways,2019-06-12,Kolkata,Banglore,14:05:00,19:50:00,345,1.0,In-flight meal not included,9899
Jet Airways,2019-05-12,Kolkata,Banglore,20:25:00,19:10:00,1365,1.0,No Info,13067
Indigo,2019-04-03,Banglore,Delhi,08:30:00,11:20:00,170,0.0,No Info,4823
Air India,2019-05-09,Delhi,Cochin,05:00:00,19:15:00,2295,2.0,No Info,9653
Spicejet,2019-06-24,Kolkata,Banglore,17:10:00,19:40:00,150,0.0,No check-in baggage included,3841
Multiple Carriers,2019-06-15,Delhi,Cochin,04:55:00,12:35:00,460,1.0,No Info,10678
Jet Airways,2019-05-09,Delhi,Cochin,02:15:00,12:35:00,620,1.0,No Info,15851
Jet Airways,2019-06-12,Delhi,Cochin,15:00:00,12:35:00,1295,1.0,In-flight meal not included,10262
Multiple Carriers,2019-06-27,Delhi,Cochin,17:30:00,01:30:00,480,1.0,No Info,13377
Jet Airways,2019-05-01,Kolkata,Banglore,17:00:00,09:45:00,1005,1.0,In-flight meal not included,9314
Jet Airways,2019-03-24,Kolkata,Banglore,08:25:00,04:45:00,1220,1.0,No Info,13759
Jet Airways,2019-05-27,Delhi,Cochin,13:25:00,19:00:00,1775,2.0,No Info,15129
Vistara,2019-03-03,Banglore,New Delhi,07:00:00,09:40:00,160,0.0,No Info,8028
Multiple Carriers,2019-05-27,Delhi,Cochin,08:45:00,21:00:00,735,1.0,No Info,7740
Jet Airways,2019-06-09,Delhi,Cochin,21:50:00,12:35:00,885,1.0,In-flight meal not included,10262
Jet Airways,2019-06-09,Delhi,Cochin,06:45:00,04:25:00,1300,2.0,No Info,13376
Multiple Carriers,2019-06-27,Delhi,Cochin,08:00:00,19:00:00,660,1.0,No Info,12192
Indigo,2019-06-24,Delhi,Cochin,02:00:00,07:45:00,345,1.0,No Info,6016
Air Asia,2019-05-15,Banglore,Delhi,11:10:00,13:55:00,165,0.0,No Info,3383
Air India,2019-03-27,Delhi,Cochin,09:45:00,09:25:00,1420,1.0,No Info,5957
Jet Airways,2019-03-24,Kolkata,Banglore,06:30:00,18:10:00,700,1.0,In-flight meal not included,10031
Indigo,2019-05-27,Delhi,Cochin,16:10:00,22:30:00,380,1.0,No Info,6938
Jet Airways,2019-06-15,Delhi,Cochin,22:50:00,12:35:00,825,1.0,In-flight meal not included,10262
Spicejet,2019-05-24,Banglore,Delhi,09:30:00,12:20:00,170,0.0,No Info,3625
Jet Airways,2019-06-03,Banglore,Delhi,06:00:00,08:45:00,165,0.0,In-flight meal not included,5769
Jet Airways,2019-05-15,Kolkata,Banglore,09:35:00,10:55:00,1520,1.0,No Info,14151
Spicejet,2019-03-18,Kolkata,Banglore,17:15:00,19:45:00,150,0.0,No check-in baggage included,4413
Multiple Carriers,2019-03-21,Delhi,Cochin,13:00:00,21:00:00,480,1.0,No Info,13062
Jet Airways,2019-03-12,Banglore,New Delhi,18:55:00,20:20:00,1525,1.0,In-flight meal not included,11087
Jet Airways,2019-05-09,Kolkata,Banglore,21:10:00,08:15:00,665,1.0,In-flight meal not included,9663
Multiple Carriers,2019-06-06,Delhi,Cochin,09:00:00,19:00:00,600,1.0,No Info,12192
Jet Airways,2019-06-06,Delhi,Cochin,05:30:00,19:00:00,810,2.0,In-flight meal not included,11507
Jet Airways,2019-05-06,Kolkata,Banglore,20:00:00,09:20:00,800,1.0,In-flight meal not included,9663
Vistara,2019-05-06,Banglore,Delhi,09:45:00,12:35:00,170,0.0,No Info,4668
Vistara,2019-03-24,Banglore,New Delhi,16:00:00,18:35:00,155,0.0,No Info,11913
Indigo,2019-03-03,Delhi,Cochin,18:35:00,01:35:00,420,1.0,No Info,14871
Jet Airways,2019-04-12,Banglore,Delhi,11:10:00,14:05:00,175,0.0,No Info,7229
Multiple Carriers,2019-06-15,Delhi,Cochin,11:25:00,19:15:00,470,1.0,No Info,8614
Air India,2019-06-09,Kolkata,Banglore,16:45:00,21:05:00,1700,1.0,No Info,7662
Spicejet,2019-05-27,Chennai,Kolkata,09:45:00,12:00:00,135,0.0,No Info,3597
Vistara,2019-03-12,Mumbai,Hyderabad,08:45:00,16:45:00,480,1.0,No Info,12080
Jet Airways,2019-04-03,Banglore,Delhi,18:55:00,22:00:00,185,0.0,In-flight meal not included,4544
Jet Airways,2019-05-06,Kolkata,Banglore,14:05:00,19:50:00,345,1.0,In-flight meal not included,10844
Jet Airways,2019-06-01,Delhi,Cochin,17:30:00,04:25:00,655,1.0,No Info,14714
Jet Airways,2019-04-24,Banglore,Delhi,08:20:00,11:20:00,180,0.0,In-flight meal not included,4544
Indigo,2019-06-09,Kolkata,Banglore,19:20:00,23:45:00,265,1.0,No Info,4205
Jet Airways,2019-06-24,Banglore,Delhi,07:10:00,10:10:00,180,0.0,In-flight meal not included,5769
Air India,2019-05-09,Delhi,Cochin,05:00:00,07:40:00,1600,2.0,No Info,11281
Multiple Carriers,2019-03-03,Delhi,Cochin,17:00:00,01:35:00,515,1.0,No Info,17073
Indigo,2019-03-27,Chennai,Kolkata,22:05:00,00:25:00,140,0.0,No Info,5277
Air India,2019-05-15,Delhi,Cochin,12:55:00,19:15:00,1820,2.0,No Info,13486
Jet Airways,2019-06-06,Delhi,Cochin,14:35:00,04:25:00,830,2.0,No Info,13376
Air India,2019-05-09,Delhi,Cochin,14:10:00,17:10:00,180,0.0,No Info,6094
Air India,2019-05-01,Kolkata,Banglore,09:50:00,08:55:00,1385,2.0,No Info,13227
Multiple Carriers,2019-06-12,Delhi,Cochin,10:20:00,19:15:00,535,1.0,No Info,8266
Jet Airways,2019-03-18,Banglore,New Delhi,05:45:00,12:25:00,400,1.0,No Info,12284
Jet Airways,2019-06-09,Banglore,Delhi,06:00:00,08:45:00,165,0.0,In-flight meal not included,7229
Jet Airways,2019-06-06,Kolkata,Banglore,16:30:00,04:40:00,730,1.0,In-flight meal not included,6812
Vistara,2019-05-27,Banglore,Delhi,17:00:00,19:35:00,155,0.0,No Info,4878
Spicejet,2019-05-21,Mumbai,Hyderabad,05:45:00,07:15:00,90,0.0,No Info,2017
Jet Airways,2019-06-27,Delhi,Cochin,23:05:00,19:00:00,1195,2.0,No Info,12819
Jet Airways,2019-05-12,Kolkata,Banglore,06:30:00,16:20:00,590,1.0,In-flight meal not included,10844
Jet Airways,2019-06-06,Kolkata,Banglore,18:55:00,04:40:00,585,1.0,No Info,13374
Jet Airways,2019-03-06,Delhi,Cochin,18:15:00,04:25:00,610,1.0,No Info,17024
Air Asia,2019-05-01,Banglore,Delhi,23:55:00,02:45:00,170,0.0,No Info,4483
Air India,2019-06-21,Chennai,Kolkata,11:40:00,13:55:00,135,0.0,No Info,4667
Vistara,2019-06-09,Banglore,Delhi,21:00:00,23:50:00,170,0.0,No Info,4668
Air India,2019-05-09,Banglore,Delhi,13:20:00,16:10:00,170,0.0,No Info,6121
Vistara,2019-03-06,Mumbai,Hyderabad,08:45:00,19:55:00,670,1.0,No Info,12395
Jet Airways,2019-06-03,Delhi,Cochin,02:15:00,19:00:00,1005,1.0,In-flight meal not included,10262
Air India,2019-03-03,Delhi,Cochin,18:05:00,21:10:00,185,0.0,No Info,8666
Air India,2019-05-01,Delhi,Cochin,20:40:00,09:25:00,765,1.0,No Info,7480
Jet Airways,2019-06-09,Delhi,Cochin,19:15:00,19:00:00,1425,1.0,In-flight meal not included,10577
Vistara,2019-03-09,Banglore,New Delhi,16:10:00,18:50:00,160,0.0,No Info,7923
Air India,2019-06-09,Kolkata,Banglore,07:00:00,20:25:00,805,1.0,No Info,10413
Multiple Carriers,2019-06-03,Delhi,Cochin,08:30:00,19:00:00,630,1.0,No Info,11200
Multiple Carriers,2019-06-12,Delhi,Cochin,19:00:00,01:30:00,390,1.0,No Info,6795
Jet Airways,2019-05-12,Kolkata,Banglore,20:00:00,04:40:00,520,1.0,No Info,13941
Spicejet,2019-06-06,Banglore,Delhi,21:10:00,00:05:00,175,0.0,No Info,3311
Jet Airways,2019-06-12,Kolkata,Banglore,09:35:00,22:05:00,750,1.0,In-flight meal not included,10539
Air India,2019-05-15,Delhi,Cochin,12:00:00,07:40:00,1180,2.0,No Info,10651
Air Asia,2019-03-09,Delhi,Cochin,16:45:00,22:15:00,330,1.0,No Info,8327
Jet Airways,2019-06-01,Delhi,Cochin,22:50:00,19:00:00,1210,1.0,No Info,14714
Spicejet,2019-04-18,Banglore,Delhi,21:10:00,00:05:00,175,0.0,No check-in baggage included,5515
Jet Airways,2019-05-24,Kolkata,Banglore,17:00:00,22:05:00,1745,1.0,No Info,13067
Spicejet,2019-03-24,Chennai,Kolkata,08:20:00,10:35:00,135,0.0,No Info,3859
Jet Airways,2019-03-06,Banglore,New Delhi,08:55:00,05:05:00,1210,1.0,No Info,16736
Spicejet,2019-06-06,Delhi,Cochin,06:05:00,11:20:00,315,1.0,No Info,5583
Vistara,2019-03-24,Kolkata,Banglore,09:55:00,18:45:00,530,1.0,No Info,16092
Multiple Carriers,2019-05-15,Delhi,Cochin,11:35:00,21:00:00,565,3.0,No Info,16294
Jet Airways,2019-04-01,Kolkata,Banglore,20:00:00,16:20:00,1220,1.0,In-flight meal not included,7064
Jet Airways,2019-05-18,Kolkata,Banglore,18:55:00,16:20:00,1285,1.0,In-flight meal not included,10844
Air India,2019-05-21,Delhi,Cochin,13:20:00,07:40:00,1100,2.0,No Info,13538
Air India,2019-05-18,Kolkata,Banglore,12:00:00,18:30:00,1830,2.0,No Info,10361
Jet Airways,2019-04-01,Kolkata,Banglore,08:25:00,23:35:00,910,1.0,In-flight meal not included,7064
Indigo,2019-03-06,Chennai,Kolkata,07:55:00,10:15:00,140,0.0,No Info,7295
Air India,2019-04-27,Kolkata,Banglore,20:45:00,23:20:00,155,0.0,No Info,4145
Multiple Carriers,2019-03-06,Delhi,Cochin,11:30:00,19:15:00,465,1.0,In-flight meal not included,15342
Indigo,2019-03-15,Mumbai,Hyderabad,02:30:00,04:00:00,90,0.0,No Info,3342
Jet Airways,2019-03-27,Delhi,Cochin,16:00:00,19:45:00,1665,1.0,In-flight meal not included,5963
Indigo,2019-03-24,Kolkata,Banglore,09:35:00,12:20:00,165,0.0,No Info,6038
Jet Airways,2019-05-18,Delhi,Cochin,11:00:00,14:15:00,195,0.0,In-flight meal not included,7202
Air India,2019-06-12,Kolkata,Banglore,16:50:00,13:45:00,1255,2.0,No Info,11542
Indigo,2019-03-03,Mumbai,Hyderabad,21:20:00,22:45:00,85,0.0,No Info,4784
Jet Airways,2019-05-21,Kolkata,Banglore,06:30:00,19:50:00,800,1.0,No Info,14781
Jet Airways,2019-06-06,Delhi,Cochin,19:45:00,19:00:00,1395,1.0,No Info,14714
Jet Airways,2019-06-06,Delhi,Cochin,11:40:00,19:00:00,440,2.0,No Info,18804
Jet Airways,2019-05-09,Kolkata,Banglore,17:00:00,21:05:00,1685,1.0,No Info,13067
Jet Airways,2019-06-06,Delhi,Cochin,07:05:00,04:25:00,1280,1.0,In-flight meal not included,10262
Indigo,2019-03-06,Kolkata,Banglore,15:20:00,17:55:00,155,0.0,No Info,5618
Air India,2019-05-18,Delhi,Cochin,09:45:00,23:00:00,795,1.0,No Info,8907
Jet Airways,2019-05-12,Kolkata,Banglore,06:30:00,18:15:00,705,1.0,In-flight meal not included,10844
Jet Airways,2019-05-18,Delhi,Cochin,13:25:00,19:00:00,1775,2.0,No Info,15129
Indigo,2019-06-09,Kolkata,Banglore,15:15:00,20:30:00,315,1.0,No Info,5380
Indigo,2019-05-18,Delhi,Cochin,05:35:00,08:50:00,195,0.0,No Info,6015
Jet Airways,2019-04-01,Mumbai,Hyderabad,02:55:00,04:20:00,85,0.0,In-flight meal not included,2228
Jet Airways,2019-03-27,Delhi,Cochin,19:10:00,19:45:00,1475,2.0,No Info,10976
Indigo,2019-03-21,Banglore,New Delhi,07:10:00,10:05:00,175,0.0,No Info,6860
Spicejet,2019-06-15,Kolkata,Banglore,22:20:00,00:40:00,140,0.0,No Info,3873
Vistara,2019-04-01,Kolkata,Banglore,17:00:00,18:50:00,1550,1.0,No Info,8610
Multiple Carriers,2019-06-24,Delhi,Cochin,17:50:00,01:30:00,460,2.0,No Info,18275
Indigo,2019-03-09,Kolkata,Banglore,15:10:00,17:45:00,155,0.0,No Info,4462
Multiple Carriers,2019-03-27,Delhi,Cochin,07:05:00,16:10:00,545,1.0,No Info,6076
Jet Airways,2019-05-09,Delhi,Cochin,13:25:00,12:35:00,1390,2.0,No Info,16704
Indigo,2019-06-01,Delhi,Cochin,17:30:00,01:30:00,480,1.0,No Info,6628
Indigo,2019-03-09,Delhi,Cochin,15:00:00,01:35:00,635,1.0,No Info,13611
Air India,2019-06-27,Delhi,Cochin,13:00:00,19:15:00,375,1.0,No Info,8372
Indigo,2019-04-24,Delhi,Cochin,15:10:00,20:00:00,290,1.0,No Info,6027
Indigo,2019-04-12,Kolkata,Banglore,20:20:00,22:55:00,155,0.0,No Info,4488
Jet Airways,2019-05-06,Kolkata,Banglore,20:25:00,19:10:00,1365,1.0,No Info,13067
Indigo,2019-03-03,Chennai,Kolkata,19:35:00,21:55:00,140,0.0,No Info,7295
Spicejet,2019-04-18,Kolkata,Banglore,17:10:00,19:40:00,150,0.0,No Info,4174
Jet Airways,2019-05-12,Delhi,Cochin,11:00:00,14:15:00,195,0.0,In-flight meal not included,7202
Jet Airways,2019-06-06,Delhi,Cochin,19:45:00,04:25:00,520,1.0,No Info,14714
Jet Airways,2019-06-09,Kolkata,Banglore,17:00:00,10:55:00,1075,1.0,No Info,14151
Indigo,2019-06-03,Kolkata,Banglore,15:30:00,18:05:00,155,0.0,No Info,4804
Jet Airways,2019-05-06,Kolkata,Banglore,08:25:00,18:15:00,590,1.0,In-flight meal not included,10844
Indigo,2019-05-18,Kolkata,Banglore,09:20:00,14:15:00,295,1.0,No Info,12198
Jet Airways,2019-06-06,Kolkata,Banglore,18:55:00,10:05:00,910,1.0,No Info,14571
Indigo,2019-06-06,Mumbai,Hyderabad,12:00:00,13:30:00,90,0.0,No Info,2754
Multiple Carriers,2019-03-06,Delhi,Cochin,06:40:00,19:15:00,755,1.0,No Info,15077
Spicejet,2019-06-21,Mumbai,Hyderabad,05:45:00,07:15:00,90,0.0,No check-in baggage included,2647
Indigo,2019-03-01,Banglore,New Delhi,22:20:00,01:10:00,170,0.0,No Info,11934
Jet Airways,2019-03-18,Banglore,New Delhi,14:05:00,08:15:00,1090,1.0,No Info,12284
Indigo,2019-04-18,Delhi,Cochin,05:35:00,08:50:00,195,0.0,No Info,6015
Jet Airways,2019-06-12,Kolkata,Banglore,06:30:00,18:15:00,705,1.0,In-flight meal not included,9899
Jet Airways,2019-06-12,Banglore,Delhi,15:15:00,18:10:00,175,0.0,No Info,8016
Multiple Carriers,2019-03-21,Delhi,Cochin,07:05:00,16:10:00,545,1.0,No Info,6717
Indigo,2019-03-27,Delhi,Cochin,02:05:00,07:25:00,320,1.0,No Info,4744
Indigo,2019-03-03,Delhi,Cochin,08:35:00,16:10:00,455,1.0,No Info,7663
Spicejet,2019-05-21,Banglore,Delhi,05:55:00,08:35:00,160,0.0,No Info,3311
Jet Airways,2019-05-15,Kolkata,Banglore,06:30:00,23:35:00,1025,1.0,In-flight meal not included,8586
Indigo,2019-03-27,Delhi,Cochin,04:55:00,12:00:00,425,1.0,No Info,6171
Jet Airways,2019-05-06,Kolkata,Banglore,17:00:00,21:05:00,1685,1.0,No Info,13067
Jet Airways,2019-03-21,Banglore,New Delhi,07:00:00,13:15:00,375,1.0,In-flight meal not included,7832
Jet Airways,2019-05-18,Kolkata,Banglore,05:45:00,09:20:00,1655,1.0,In-flight meal not included,9663
Indigo,2019-04-15,Banglore,Delhi,20:00:00,22:50:00,170,0.0,No Info,4823
Indigo,2019-04-15,Delhi,Cochin,07:35:00,16:10:00,515,1.0,No Info,6442
Jet Airways,2019-06-24,Delhi,Cochin,11:30:00,12:35:00,1505,1.0,In-flight meal not included,10262
Jet Airways,2019-06-27,Delhi,Cochin,14:35:00,12:35:00,1320,2.0,In-flight meal not included,10919
Indigo,2019-06-03,Mumbai,Hyderabad,12:00:00,13:30:00,90,0.0,No Info,2754
Indigo,2019-06-18,Mumbai,Hyderabad,21:20:00,22:50:00,90,0.0,No Info,2227
Air India,2019-05-27,Kolkata,Banglore,14:15:00,16:45:00,150,0.0,No Info,5510
Indigo,2019-04-06,Kolkata,Banglore,20:20:00,22:55:00,155,0.0,No Info,4174
Air India,2019-05-09,Delhi,Cochin,05:15:00,06:50:00,1535,1.0,No Info,6587
Vistara,2019-05-27,Banglore,Delhi,09:45:00,12:35:00,170,0.0,No Info,4668
Jet Airways,2019-06-06,Kolkata,Banglore,08:25:00,04:40:00,1215,1.0,No Info,13731
Multiple Carriers,2019-06-24,Delhi,Cochin,04:55:00,19:00:00,845,1.0,No Info,10678
Jet Airways,2019-05-12,Kolkata,Banglore,18:55:00,10:05:00,910,1.0,In-flight meal not included,9663
Jet Airways,2019-03-27,Delhi,Cochin,09:55:00,04:25:00,1110,1.0,No Info,12242
Jet Airways,2019-06-09,Delhi,Cochin,21:50:00,19:00:00,1270,1.0,No Info,14714
Jet Airways,2019-05-18,Delhi,Cochin,08:00:00,19:00:00,660,1.0,In-flight meal not included,12373
Jet Airways,2019-05-21,Kolkata,Banglore,20:00:00,08:15:00,735,1.0,In-flight meal not included,10844
Indigo,2019-03-24,Kolkata,Banglore,22:10:00,00:55:00,165,0.0,No Info,6985
Air India,2019-06-27,Delhi,Cochin,05:15:00,19:15:00,2280,3.0,No Info,10703
Jet Airways,2019-04-01,Kolkata,Banglore,06:30:00,22:35:00,965,1.0,In-flight meal not included,7064
Jet Airways,2019-03-21,Banglore,New Delhi,22:50:00,11:25:00,755,1.0,In-flight meal not included,7832
Jet Airways,2019-03-27,Delhi,Cochin,17:30:00,04:25:00,655,1.0,No Info,12242
Indigo,2019-03-03,Chennai,Kolkata,05:15:00,07:35:00,140,0.0,No Info,6482
Indigo,2019-03-24,Kolkata,Banglore,08:15:00,13:00:00,285,1.0,No Info,6303
Jet Airways,2019-05-01,Kolkata,Banglore,16:30:00,08:15:00,945,1.0,No Info,13941
Jet Airways,2019-03-18,Banglore,New Delhi,11:40:00,05:05:00,1045,1.0,No Info,13555
Multiple Carriers,2019-06-09,Delhi,Cochin,07:05:00,22:30:00,925,1.0,No Info,9646
Jet Airways,2019-03-27,Delhi,Cochin,17:30:00,04:25:00,655,1.0,In-flight meal not included,6540
Jet Airways,2019-05-15,Kolkata,Banglore,14:05:00,23:35:00,570,1.0,No Info,13941
Multiple Carriers,2019-06-09,Delhi,Cochin,19:00:00,01:30:00,390,1.0,No Info,7408
Jet Airways,2019-05-18,Kolkata,Banglore,18:55:00,09:20:00,865,1.0,No Info,14388
Jet Airways,2019-05-24,Delhi,Cochin,23:05:00,19:00:00,1195,2.0,No Info,15129
Indigo,2019-04-24,Delhi,Cochin,05:05:00,16:10:00,665,1.0,No Info,6171
Jet Airways,2019-05-21,Delhi,Cochin,19:45:00,19:00:00,1395,1.0,No Info,16079
Multiple Carriers,2019-03-27,Delhi,Cochin,10:20:00,01:35:00,915,1.0,No Info,6427
Air Asia,2019-05-18,Delhi,Cochin,07:55:00,22:25:00,870,1.0,No Info,7452
Jet Airways,2019-04-15,Delhi,Cochin,13:00:00,19:00:00,360,1.0,In-flight meal not included,6542
Jet Airways,2019-04-01,Kolkata,Banglore,16:30:00,22:35:00,365,1.0,No Info,12681
Goair,2019-05-01,Banglore,Delhi,20:55:00,23:40:00,165,0.0,No Info,3898
Indigo,2019-05-15,Banglore,Delhi,20:00:00,22:50:00,170,0.0,No Info,4823
Jet Airways,2019-05-09,Delhi,Cochin,18:15:00,12:35:00,1100,1.0,In-flight meal not included,12373
Vistara,2019-03-24,Banglore,New Delhi,11:30:00,14:10:00,160,0.0,No Info,5403
Jet Airways,2019-04-01,Banglore,Delhi,06:00:00,08:45:00,165,0.0,In-flight meal not included,4544
Jet Airways,2019-06-12,Delhi,Cochin,05:30:00,19:00:00,810,2.0,No Info,13292
Air India,2019-05-24,Kolkata,Banglore,05:50:00,13:15:00,445,2.0,No Info,7662
Spicejet,2019-04-01,Banglore,Delhi,05:55:00,08:35:00,160,0.0,No Info,3971
Goair,2019-05-12,Kolkata,Banglore,16:40:00,00:15:00,455,1.0,No Info,8855
Jet Airways,2019-06-24,Delhi,Cochin,09:35:00,12:35:00,1620,2.0,No Info,12609
Indigo,2019-06-01,Delhi,Cochin,17:05:00,22:25:00,320,1.0,No Info,7060
Indigo,2019-04-18,Banglore,Delhi,06:05:00,08:50:00,165,0.0,No Info,4591
Indigo,2019-05-09,Kolkata,Banglore,04:40:00,07:15:00,155,0.0,No Info,4804
Indigo,2019-06-06,Delhi,Cochin,10:35:00,01:30:00,895,1.0,No Info,5883
Indigo,2019-03-09,Banglore,New Delhi,16:50:00,21:35:00,285,1.0,No Info,10231
Vistara,2019-05-12,Kolkata,Banglore,07:10:00,22:40:00,930,1.0,No Info,8662
Air Asia,2019-06-01,Delhi,Cochin,20:45:00,07:10:00,625,1.0,No Info,11410
Air India,2019-06-12,Kolkata,Banglore,17:30:00,20:25:00,1615,1.0,No Info,10203
Spicejet,2019-06-24,Banglore,Delhi,21:10:00,00:05:00,175,0.0,No Info,3971
Air India,2019-04-12,Banglore,Delhi,13:20:00,16:10:00,170,0.0,No Info,5911
Air India,2019-06-09,Delhi,Cochin,09:45:00,09:25:00,1420,2.0,No Info,11185
Indigo,2019-06-24,Delhi,Cochin,17:30:00,01:30:00,480,1.0,No Info,6104
Air India,2019-06-12,Delhi,Cochin,05:10:00,08:00:00,170,0.0,No Info,5201
Air India,2019-06-15,Delhi,Cochin,09:00:00,19:15:00,615,1.0,No Info,10454
Spicejet,2019-06-21,Mumbai,Hyderabad,22:45:00,00:15:00,90,0.0,No Info,2017
Indigo,2019-04-27,Delhi,Cochin,21:50:00,03:35:00,345,1.0,No Info,6307
Multiple Carriers,2019-05-24,Delhi,Cochin,09:00:00,19:00:00,600,1.0,No Info,10197
Air India,2019-05-06,Kolkata,Banglore,12:00:00,07:55:00,1195,2.0,No Info,10151
Jet Airways,2019-03-18,Banglore,New Delhi,14:05:00,19:10:00,305,1.0,No Info,14815
Air India,2019-03-27,Delhi,Cochin,09:45:00,08:15:00,1350,1.0,No Info,7416
Jet Airways,2019-05-09,Kolkata,Banglore,20:25:00,14:25:00,1080,1.0,No Info,11467
Jet Airways,2019-03-12,Banglore,New Delhi,20:35:00,09:30:00,775,1.0,In-flight meal not included,11087
Jet Airways,2019-06-12,Kolkata,Banglore,17:00:00,14:25:00,1285,1.0,No Info,12692
Jet Airways,2019-05-12,Kolkata,Banglore,21:10:00,04:40:00,450,1.0,In-flight meal not included,8586
Jet Airways,2019-03-27,Delhi,Cochin,19:10:00,19:45:00,1475,2.0,No Info,9483
Indigo,2019-06-01,Chennai,Kolkata,14:45:00,17:05:00,140,0.0,No Info,3597
Indigo,2019-03-03,Banglore,New Delhi,20:00:00,22:55:00,175,0.0,No Info,6860
Jet Airways,2019-05-18,Delhi,Cochin,19:10:00,12:35:00,1045,2.0,No Info,15129
Jet Airways,2019-04-06,Banglore,Delhi,06:00:00,08:45:00,165,0.0,In-flight meal not included,4544
Indigo,2019-06-18,Mumbai,Hyderabad,09:15:00,10:45:00,90,0.0,No Info,4049
Air India,2019-05-24,Kolkata,Banglore,10:00:00,05:25:00,1165,2.0,No Info,15422
Jet Airways,2019-03-24,Banglore,New Delhi,08:20:00,11:15:00,175,0.0,No Info,7229
Jet Airways,2019-03-18,Banglore,New Delhi,16:55:00,07:40:00,885,1.0,No Info,13555
Indigo,2019-04-03,Mumbai,Hyderabad,16:55:00,18:25:00,90,0.0,No Info,3175
Air Asia,2019-05-21,Banglore,Delhi,04:55:00,07:45:00,170,0.0,No Info,3383
Air India,2019-04-12,Kolkata,Banglore,14:15:00,16:45:00,150,0.0,No Info,5195
Multiple Carriers,2019-06-01,Delhi,Cochin,17:30:00,01:30:00,480,1.0,No Info,13377
Jet Airways,2019-03-18,Banglore,New Delhi,08:55:00,15:15:00,380,1.0,No Info,12284
Air India,2019-06-15,Delhi,Cochin,17:40:00,23:00:00,320,1.0,No Info,7384
Air India,2019-05-15,Delhi,Cochin,13:05:00,09:25:00,1220,2.0,No Info,10975
Jet Airways,2019-03-24,Banglore,New Delhi,05:45:00,10:25:00,280,1.0,In-flight meal not included,8147
Jet Airways,2019-05-12,Mumbai,Hyderabad,02:55:00,04:20:00,85,0.0,In-flight meal not included,4050
Spicejet,2019-03-21,Kolkata,Banglore,22:20:00,00:40:00,140,0.0,No check-in baggage included,3815
Multiple Carriers,2019-05-18,Delhi,Cochin,07:30:00,19:15:00,705,1.0,No Info,7564
Jet Airways,2019-05-18,Kolkata,Banglore,14:05:00,19:50:00,345,1.0,No Info,14781
Jet Airways,2019-05-12,Kolkata,Banglore,17:00:00,10:55:00,1075,1.0,No Info,14151
Indigo,2019-05-03,Kolkata,Banglore,11:30:00,14:05:00,155,0.0,No Info,5224
Indigo,2019-03-09,Chennai,Kolkata,22:05:00,00:25:00,140,0.0,No Info,6297
Jet Airways,2019-06-15,Delhi,Cochin,13:00:00,12:35:00,1415,1.0,In-flight meal not included,10262
Air India,2019-05-21,Kolkata,Banglore,14:30:00,12:30:00,1320,2.0,No Info,15107
Indigo,2019-03-03,Delhi,Cochin,04:45:00,11:30:00,405,1.0,No Info,14871
Air India,2019-06-12,Delhi,Cochin,12:30:00,09:25:00,1255,1.0,No Info,7480
Jet Airways,2019-04-27,Banglore,Delhi,15:15:00,18:10:00,175,0.0,In-flight meal not included,4544
Air Asia,2019-06-06,Delhi,Cochin,16:45:00,22:25:00,340,1.0,No Info,11410
Multiple Carriers,2019-05-27,Delhi,Cochin,13:00:00,01:30:00,750,1.0,No Info,7198
Jet Airways,2019-06-06,Delhi,Cochin,11:45:00,04:25:00,1000,2.0,In-flight meal not included,11992
Air India,2019-05-01,Kolkata,Banglore,09:25:00,13:45:00,1700,2.0,No Info,16372
Jet Airways,2019-06-12,Banglore,Delhi,07:10:00,10:10:00,180,0.0,In-flight meal not included,5769
Vistara,2019-05-06,Banglore,Delhi,07:00:00,09:40:00,160,0.0,No Info,4668
Jet Airways,2019-03-21,Delhi,Cochin,22:00:00,18:50:00,1250,1.0,In-flight meal not included,6017
Jet Airways,2019-03-15,Mumbai,Hyderabad,19:35:00,21:05:00,90,0.0,No Info,5678
Jet Airways,2019-05-27,Delhi,Cochin,05:30:00,12:35:00,425,2.0,No Info,16274
Indigo,2019-04-06,Delhi,Cochin,02:00:00,07:25:00,325,1.0,No Info,5046
Jet Airways,2019-06-12,Delhi,Cochin,19:45:00,19:00:00,1395,1.0,In-flight meal not included,10262
Air Asia,2019-04-27,Delhi,Cochin,16:45:00,07:10:00,865,1.0,No Info,6451
Indigo,2019-06-15,Kolkata,Banglore,15:15:00,17:45:00,150,0.0,No Info,4804
Multiple Carriers,2019-06-01,Delhi,Cochin,13:15:00,22:30:00,555,1.0,No Info,9646
Indigo,2019-05-09,Chennai,Kolkata,13:15:00,15:35:00,140,0.0,No Info,3597
Multiple Carriers,2019-06-27,Delhi,Cochin,11:40:00,19:15:00,455,1.0,In-flight meal not included,7268
Jet Airways,2019-05-18,Banglore,Delhi,08:20:00,11:20:00,180,0.0,No Info,7229
Jet Airways,2019-06-09,Delhi,Cochin,05:30:00,04:25:00,1375,2.0,No Info,13014
Air India,2019-05-09,Kolkata,Banglore,10:00:00,20:25:00,625,1.0,No Info,10203
Air India,2019-04-09,Delhi,Cochin,20:30:00,08:15:00,705,1.0,No Info,5683
Air India,2019-05-09,Kolkata,Banglore,10:00:00,05:25:00,1165,2.0,No Info,14424
Air India,2019-03-27,Delhi,Cochin,17:20:00,09:25:00,965,1.0,No Info,5117
Indigo,2019-06-15,Delhi,Cochin,08:35:00,22:30:00,835,1.0,No Info,6442
Jet Airways,2019-04-12,Banglore,Delhi,18:55:00,22:00:00,185,0.0,No Info,7229
Jet Airways,2019-03-24,Kolkata,Banglore,18:55:00,12:00:00,1025,1.0,In-flight meal not included,11134
Air India,2019-06-03,Delhi,Cochin,18:30:00,19:15:00,1485,2.0,No Info,12488
Jet Airways,2019-05-06,Kolkata,Banglore,18:55:00,10:05:00,910,1.0,No Info,13584
Indigo,2019-03-09,Delhi,Cochin,04:45:00,12:55:00,490,1.0,No Info,16162
Multiple Carriers,2019-06-06,Delhi,Cochin,10:00:00,19:00:00,540,1.0,No Info,12717
Vistara,2019-06-12,Kolkata,Banglore,17:00:00,09:05:00,965,1.0,No Info,7927
Air India,2019-03-06,Delhi,Cochin,20:30:00,08:15:00,705,1.0,No Info,10566
Air India,2019-06-06,Delhi,Cochin,13:15:00,09:25:00,1210,2.0,No Info,10939
Indigo,2019-06-01,Chennai,Kolkata,15:40:00,18:25:00,165,0.0,No Info,3540
Spicejet,2019-06-06,Kolkata,Banglore,11:15:00,18:30:00,435,1.0,No Info,10156
Air India,2019-05-21,Delhi,Cochin,06:05:00,09:25:00,1640,1.0,No Info,7480
Multiple Carriers,2019-05-27,Delhi,Cochin,06:00:00,21:00:00,900,1.0,No Info,8475
Air Asia,2019-03-09,Banglore,New Delhi,05:50:00,08:40:00,170,0.0,No Info,4284
Indigo,2019-05-27,Delhi,Cochin,08:35:00,22:30:00,835,1.0,No Info,6442
Spicejet,2019-06-15,Kolkata,Banglore,14:55:00,17:25:00,150,0.0,No Info,3873
Spicejet,2019-03-06,Chennai,Kolkata,09:30:00,12:05:00,155,0.0,No Info,7298
Air India,2019-03-21,Banglore,New Delhi,08:15:00,11:20:00,1625,2.0,No Info,7642
Jet Airways,2019-05-18,Delhi,Cochin,09:00:00,04:25:00,1165,1.0,In-flight meal not included,12373
Jet Airways,2019-03-09,Delhi,Cochin,00:20:00,04:25:00,1685,1.0,No Info,15029
Indigo,2019-05-09,Mumbai,Hyderabad,19:05:00,20:35:00,90,0.0,No Info,4392
Jet Airways,2019-06-24,Delhi,Cochin,20:55:00,04:25:00,450,1.0,In-flight meal not included,10262
Air Asia,2019-05-15,Kolkata,Banglore,22:50:00,01:20:00,150,0.0,No Info,4107
Multiple Carriers,2019-03-21,Delhi,Cochin,09:10:00,19:15:00,605,1.0,No Info,8601
Jet Airways,2019-05-12,Kolkata,Banglore,06:30:00,04:40:00,1330,1.0,No Info,13941
Jet Airways,2019-05-09,Delhi,Cochin,05:30:00,04:25:00,1375,2.0,No Info,15129
Jet Airways,2019-05-18,Delhi,Cochin,17:30:00,19:00:00,1530,1.0,In-flight meal not included,12373
Air India,2019-05-01,Kolkata,Banglore,10:00:00,05:25:00,1165,2.0,No Info,13899
Jet Airways,2019-06-03,Delhi,Cochin,22:50:00,04:25:00,335,1.0,No Info,14714
Air India,2019-05-27,Delhi,Cochin,21:00:00,19:15:00,1335,1.0,No Info,8372
Jet Airways,2019-05-09,Delhi,Cochin,08:00:00,19:00:00,660,1.0,No Info,15554
Air Asia,2019-04-06,Banglore,Delhi,23:55:00,02:45:00,170,0.0,No Info,3383
Multiple Carriers,2019-05-09,Delhi,Cochin,13:00:00,19:15:00,375,1.0,No Info,14323
Multiple Carriers,2019-06-24,Delhi,Cochin,11:25:00,19:00:00,455,1.0,No Info,10678
Goair,2019-06-01,Banglore,Delhi,20:55:00,23:40:00,165,0.0,No Info,3898
Vistara,2019-05-01,Kolkata,Banglore,17:00:00,09:05:00,965,1.0,No Info,8452
Jet Airways,2019-03-12,Banglore,New Delhi,18:55:00,16:10:00,1275,1.0,In-flight meal not included,11087
Jet Airways,2019-06-12,Kolkata,Banglore,06:30:00,04:40:00,1330,1.0,No Info,12739
Jet Airways,2019-06-03,Delhi,Cochin,09:00:00,12:35:00,1655,1.0,In-flight meal not included,10262
Multiple Carriers,2019-06-12,Delhi,Cochin,04:55:00,19:15:00,860,1.0,No Info,7155
Spicejet,2019-05-09,Banglore,Delhi,09:30:00,12:20:00,170,0.0,No check-in baggage included,4885
Jet Airways,2019-03-12,Banglore,New Delhi,18:55:00,11:25:00,990,1.0,In-flight meal not included,11087
Multiple Carriers,2019-05-18,Delhi,Cochin,07:05:00,16:10:00,545,1.0,No Info,9646
Air India,2019-03-27,Mumbai,Hyderabad,19:30:00,20:45:00,75,0.0,No Info,2575
Air India,2019-03-09,Delhi,Cochin,20:15:00,19:15:00,1380,2.0,No Info,19681
Vistara,2019-05-27,Banglore,Delhi,07:00:00,09:40:00,160,0.0,No Info,4668
Jet Airways,2019-06-06,Delhi,Cochin,19:45:00,19:00:00,1395,1.0,In-flight meal not included,10262
Jet Airways,2019-06-27,Delhi,Cochin,19:45:00,19:00:00,1395,1.0,In-flight meal not included,10262
Jet Airways,2019-06-27,Delhi,Cochin,14:00:00,12:35:00,1355,1.0,In-flight meal not included,10262
Spicejet,2019-05-12,Kolkata,Banglore,11:15:00,18:30:00,435,1.0,No Info,11468
Jet Airways,2019-05-27,Delhi,Cochin,08:00:00,19:00:00,660,1.0,No Info,16289
Air India,2019-03-03,Banglore,New Delhi,07:30:00,10:50:00,1640,2.0,No Info,12074
Air India,2019-06-12,Delhi,Cochin,16:55:00,19:15:00,1580,2.0,No Info,13381
Indigo,2019-05-18,Delhi,Cochin,14:20:00,22:30:00,490,1.0,No Info,7640
Indigo,2019-04-06,Banglore,Delhi,23:30:00,02:20:00,170,0.0,No Info,4591
Jet Airways,2019-04-01,Kolkata,Banglore,16:30:00,23:35:00,425,1.0,In-flight meal not included,7064
Indigo,2019-03-09,Delhi,Cochin,02:00:00,07:45:00,345,1.0,No Info,7060
Spicejet,2019-05-18,Delhi,Cochin,17:55:00,22:50:00,295,1.0,No Info,5975
Air India,2019-06-03,Delhi,Cochin,03:50:00,19:15:00,925,1.0,No Info,8669
Air India,2019-03-06,Delhi,Cochin,12:00:00,19:15:00,435,2.0,No Info,11858
Jet Airways,2019-03-21,Delhi,Cochin,10:20:00,04:25:00,2525,2.0,No Info,11664
Jet Airways,2019-06-24,Delhi,Cochin,10:00:00,19:00:00,540,1.0,In-flight meal not included,10262
Indigo,2019-05-24,Mumbai,Hyderabad,21:20:00,22:50:00,90,0.0,No Info,2437
Jet Airways,2019-06-09,Delhi,Cochin,15:00:00,19:00:00,1680,1.0,In-flight meal not included,10262
Multiple Carriers,2019-03-21,Delhi,Cochin,16:00:00,01:35:00,575,1.0,No Info,13542
Indigo,2019-06-24,Banglore,Delhi,23:30:00,02:20:00,170,0.0,No Info,3943
Air India,2019-05-06,Banglore,Delhi,10:00:00,12:45:00,165,0.0,No Info,5228
Jet Airways,2019-05-15,Kolkata,Banglore,09:35:00,22:05:00,750,1.0,No Info,12121
Multiple Carriers,2019-06-15,Delhi,Cochin,14:00:00,21:00:00,420,1.0,No Info,13587
Jet Airways,2019-03-06,Delhi,Cochin,22:20:00,04:25:00,365,1.0,In-flight meal not included,12583
Vistara,2019-05-06,Kolkata,Banglore,17:00:00,10:45:00,1065,1.0,No Info,8662
Jet Airways,2019-06-09,Kolkata,Banglore,20:00:00,18:15:00,1335,1.0,No Info,14571
Spicejet,2019-06-27,Delhi,Cochin,08:45:00,13:15:00,270,1.0,No check-in baggage included,4760
Multiple Carriers,2019-05-06,Delhi,Cochin,19:00:00,01:30:00,390,1.0,No Info,8073
Air India,2019-06-24,Delhi,Cochin,20:15:00,19:15:00,1380,2.0,No Info,13381
Indigo,2019-06-24,Mumbai,Hyderabad,16:55:00,18:25:00,90,0.0,No Info,3175
Jet Airways,2019-03-27,Delhi,Cochin,08:00:00,04:25:00,1225,1.0,No Info,12452
Goair,2019-03-09,Banglore,New Delhi,11:40:00,14:35:00,175,0.0,No Info,7305
Air India,2019-03-09,Delhi,Cochin,16:40:00,19:15:00,1595,2.0,No Info,11911
Jet Airways,2019-06-09,Delhi,Cochin,19:30:00,04:25:00,535,2.0,In-flight meal not included,10368
Jet Airways,2019-06-24,Delhi,Cochin,05:30:00,19:00:00,810,2.0,In-flight meal not included,10368
Jet Airways,2019-06-24,Delhi,Cochin,21:50:00,04:25:00,395,1.0,In-flight meal not included,10262
Jet Airways,2019-06-06,Mumbai,Hyderabad,19:35:00,21:05:00,90,0.0,In-flight meal not included,3210
Multiple Carriers,2019-05-18,Delhi,Cochin,17:00:00,01:30:00,510,1.0,No Info,8283
Air India,2019-06-09,Delhi,Cochin,12:55:00,19:15:00,1820,2.0,No Info,12436
Jet Airways,2019-05-18,Delhi,Cochin,13:00:00,19:00:00,360,1.0,In-flight meal not included,12373
Jet Airways,2019-05-01,Kolkata,Banglore,16:30:00,08:15:00,945,1.0,In-flight meal not included,8586
Jet Airways,2019-06-15,Delhi,Cochin,23:05:00,04:25:00,1760,2.0,No Info,15339
Air Asia,2019-03-18,Kolkata,Banglore,10:20:00,12:55:00,155,0.0,No Info,4384
Jet Airways,2019-03-12,Banglore,New Delhi,18:55:00,09:30:00,875,1.0,No Info,13817
Jet Airways,2019-03-27,Delhi,Cochin,05:40:00,04:25:00,1365,2.0,No Info,12074
Jet Airways,2019-05-18,Kolkata,Banglore,14:05:00,20:45:00,400,1.0,In-flight meal not included,10844
Air India,2019-03-21,Banglore,New Delhi,05:50:00,16:20:00,630,2.0,No Info,7664
Air India,2019-04-24,Banglore,Delhi,10:00:00,12:45:00,165,0.0,No Info,6121
Multiple Carriers,2019-05-21,Delhi,Cochin,08:00:00,19:00:00,660,1.0,No Info,10197
Indigo,2019-03-06,Mumbai,Hyderabad,06:20:00,07:45:00,85,0.0,No Info,4784
Jet Airways,2019-06-01,Mumbai,Hyderabad,10:20:00,11:50:00,90,0.0,In-flight meal not included,4050
Goair,2019-06-01,Banglore,Delhi,11:40:00,14:30:00,170,0.0,No Info,3898
Jet Airways,2019-03-12,Banglore,New Delhi,20:35:00,20:20:00,1425,1.0,In-flight meal not included,11087
Multiple Carriers,2019-04-09,Delhi,Cochin,17:45:00,01:30:00,465,1.0,No Info,8535
Indigo,2019-03-12,Mumbai,Hyderabad,06:20:00,07:45:00,85,0.0,No Info,4049
Multiple Carriers,2019-06-06,Delhi,Cochin,10:20:00,21:00:00,640,1.0,No Info,7005
Multiple Carriers,2019-03-03,Delhi,Cochin,08:25:00,18:50:00,625,1.0,No Info,15135
Spicejet,2019-04-24,Delhi,Cochin,08:45:00,13:15:00,270,1.0,No check-in baggage included,4760
Air India,2019-05-24,Delhi,Cochin,14:10:00,17:10:00,180,0.0,No Info,6934
Goair,2019-03-03,Banglore,New Delhi,20:55:00,23:50:00,175,0.0,No Info,6722
Indigo,2019-04-01,Banglore,Delhi,10:10:00,13:00:00,170,0.0,No Info,3943
Spicejet,2019-06-03,Mumbai,Hyderabad,13:15:00,14:45:00,90,0.0,No Info,2017
Jet Airways,2019-04-01,Mumbai,Hyderabad,19:35:00,21:05:00,90,0.0,No Info,5678
Air India,2019-03-12,Banglore,New Delhi,17:25:00,10:15:00,1010,2.0,No Info,12778
Indigo,2019-03-15,Kolkata,Banglore,09:35:00,12:20:00,165,0.0,No Info,4148
Jet Airways,2019-03-01,Banglore,New Delhi,08:00:00,08:15:00,1455,1.0,No Info,22270
Indigo,2019-05-18,Banglore,Delhi,08:30:00,11:20:00,170,0.0,No Info,4823
Multiple Carriers,2019-03-01,Delhi,Cochin,14:35:00,22:20:00,465,1.0,No Info,14762
Indigo,2019-05-01,Kolkata,Banglore,15:15:00,20:05:00,290,1.0,No Info,4775
Jet Airways,2019-06-09,Kolkata,Banglore,17:00:00,23:35:00,395,1.0,In-flight meal not included,13994
Air Asia,2019-06-15,Kolkata,Banglore,19:55:00,22:25:00,150,0.0,No Info,4107
Jet Airways,2019-06-09,Delhi,Cochin,22:50:00,19:00:00,1210,1.0,No Info,14714
Spicejet,2019-04-03,Banglore,Delhi,05:55:00,08:35:00,160,0.0,No Info,3971
Air India,2019-06-09,Delhi,Cochin,19:45:00,19:15:00,1410,2.0,No Info,9968
Multiple Carriers,2019-05-27,Delhi,Cochin,12:50:00,01:30:00,760,1.0,No Info,6795
Indigo,2019-03-03,Banglore,New Delhi,13:00:00,15:50:00,170,0.0,No Info,7648
Air India,2019-06-24,Delhi,Cochin,14:25:00,19:15:00,1730,2.0,No Info,13381
Indigo,2019-06-12,Banglore,Delhi,00:30:00,03:25:00,175,0.0,No Info,3419
Jet Airways,2019-05-09,Kolkata,Banglore,21:10:00,10:05:00,775,1.0,In-flight meal not included,9663
Indigo,2019-06-24,Banglore,Delhi,16:55:00,19:55:00,180,0.0,No Info,4823
Vistara,2019-05-18,Banglore,Delhi,07:00:00,09:40:00,160,0.0,No Info,4878
Air India,2019-05-24,Mumbai,Hyderabad,13:55:00,15:25:00,90,0.0,No Info,3100
Air India,2019-03-03,Delhi,Cochin,14:10:00,17:10:00,180,0.0,No Info,7931
Air India,2019-05-18,Kolkata,Banglore,12:00:00,11:10:00,1390,2.0,No Info,10676
Air India,2019-05-21,Kolkata,Banglore,10:00:00,01:20:00,920,2.0,No Info,13033
Jet Airways,2019-05-21,Delhi,Cochin,20:55:00,19:00:00,1325,1.0,In-flight meal not included,12898
Jet Airways,2019-03-21,Banglore,New Delhi,08:55:00,21:20:00,745,1.0,In-flight meal not included,7832
Jet Airways,2019-04-01,Kolkata,Banglore,20:00:00,12:00:00,960,1.0,No Info,12681
Air India,2019-05-12,Kolkata,Banglore,10:00:00,05:25:00,1165,2.0,No Info,14634
Goair,2019-06-15,Banglore,Delhi,11:40:00,14:30:00,170,0.0,No Info,3898
Jet Airways,2019-05-12,Mumbai,Hyderabad,07:05:00,08:30:00,85,0.0,In-flight meal not included,4050
Jet Airways,2019-06-12,Kolkata,Banglore,18:55:00,22:35:00,1660,1.0,In-flight meal not included,8529
Vistara,2019-03-21,Banglore,New Delhi,16:00:00,18:35:00,155,0.0,No Info,5613
Jet Airways,2019-05-06,Delhi,Cochin,13:00:00,04:25:00,925,1.0,No Info,15554
Air India,2019-05-27,Delhi,Cochin,19:45:00,19:15:00,1410,2.0,No Info,10441
Indigo,2019-05-27,Delhi,Cochin,06:50:00,22:30:00,940,1.0,No Info,6674
Multiple Carriers,2019-05-27,Delhi,Cochin,07:30:00,19:15:00,705,1.0,No Info,10786
Spicejet,2019-04-12,Banglore,Delhi,21:10:00,00:05:00,175,0.0,No Info,5621
Spicejet,2019-04-21,Banglore,Delhi,09:30:00,12:20:00,170,0.0,No Info,4991
Air India,2019-05-24,Kolkata,Banglore,09:25:00,13:45:00,1700,2.0,No Info,12802
Jet Airways,2019-06-06,Kolkata,Banglore,18:55:00,19:50:00,1495,1.0,In-flight meal not included,10844
Jet Airways,2019-05-01,Kolkata,Banglore,20:25:00,18:00:00,1295,1.0,In-flight meal not included,9314
Indigo,2019-06-12,Delhi,Cochin,06:50:00,12:10:00,320,1.0,No Info,5298
Jet Airways,2019-05-01,Kolkata,Banglore,09:35:00,14:25:00,1730,1.0,No Info,11467
Multiple Carriers,2019-06-09,Delhi,Cochin,10:20:00,21:00:00,640,1.0,No Info,7005
Jet Airways,2019-05-09,Kolkata,Banglore,09:35:00,09:45:00,1450,1.0,No Info,12121
Indigo,2019-05-12,Mumbai,Hyderabad,16:55:00,18:25:00,90,0.0,No Info,3603
Vistara,2019-04-01,Delhi,Cochin,14:40:00,17:50:00,190,0.0,No Info,4851
Air India,2019-03-18,Banglore,New Delhi,17:00:00,19:45:00,165,0.0,No Info,11633
Jet Airways,2019-05-24,Kolkata,Banglore,20:00:00,18:15:00,1335,1.0,In-flight meal not included,10844
Vistara,2019-06-03,Chennai,Kolkata,17:45:00,20:05:00,140,0.0,No Info,11982
Jet Airways,2019-05-21,Kolkata,Banglore,21:10:00,19:50:00,1360,1.0,In-flight meal not included,10844
Multiple Carriers,2019-06-06,Delhi,Cochin,12:50:00,01:30:00,760,1.0,No Info,6795
Indigo,2019-05-03,Banglore,Delhi,18:25:00,21:20:00,175,0.0,No Info,4823
Air India,2019-05-24,Delhi,Cochin,23:00:00,19:15:00,1215,1.0,No Info,8582
Jet Airways,2019-05-18,Kolkata,Banglore,17:00:00,23:35:00,395,1.0,No Info,14151
Multiple Carriers,2019-06-09,Delhi,Cochin,07:05:00,16:10:00,545,1.0,No Info,9646
Jet Airways,2019-06-24,Delhi,Cochin,07:05:00,12:35:00,330,1.0,No Info,14924
Indigo,2019-06-15,Delhi,Cochin,05:05:00,16:10:00,665,1.0,No Info,6818
Jet Airways,2019-03-12,Banglore,New Delhi,22:55:00,11:25:00,750,1.0,No Info,13817
Indigo,2019-06-12,Banglore,Delhi,10:10:00,13:00:00,170,0.0,No Info,3943
Jet Airways,2019-05-21,Kolkata,Banglore,16:30:00,22:35:00,365,1.0,No Info,14781
Jet Airways,2019-04-01,Kolkata,Banglore,20:00:00,23:35:00,1655,1.0,No Info,12681
Spicejet,2019-06-03,Mumbai,Hyderabad,13:15:00,14:45:00,90,0.0,No check-in baggage included,1965
Indigo,2019-04-03,Delhi,Cochin,10:35:00,15:35:00,300,1.0,No Info,5073
Jet Airways,2019-06-09,Delhi,Cochin,17:30:00,04:25:00,655,1.0,In-flight meal not included,10262
Indigo,2019-05-18,Delhi,Cochin,17:10:00,01:30:00,500,1.0,No Info,7081
Air India,2019-06-15,Delhi,Cochin,20:40:00,09:25:00,765,1.0,No Info,7480
Jet Airways,2019-05-12,Kolkata,Banglore,20:25:00,21:05:00,1480,1.0,No Info,12121
Indigo,2019-03-21,Delhi,Cochin,14:30:00,17:35:00,185,0.0,No Info,5406
Indigo,2019-03-15,Banglore,New Delhi,07:30:00,12:20:00,290,1.0,No Info,6114
Jet Airways,2019-05-06,Kolkata,Banglore,21:10:00,10:05:00,775,1.0,No Info,13584
Jet Airways,2019-05-06,Mumbai,Hyderabad,02:55:00,04:20:00,85,0.0,No Info,5678
Vistara,2019-04-21,Banglore,Delhi,11:30:00,14:20:00,170,0.0,No Info,5403
Indigo,2019-06-12,Delhi,Cochin,08:50:00,21:00:00,730,1.0,No Info,6093
Jet Airways,2019-05-21,Kolkata,Banglore,20:00:00,08:15:00,735,1.0,No Info,14781
Air India,2019-03-27,Mumbai,Hyderabad,13:55:00,15:25:00,90,0.0,No Info,2050
Indigo,2019-05-15,Banglore,Delhi,01:30:00,04:15:00,165,0.0,No Info,3419
Air India,2019-06-06,Kolkata,Banglore,05:50:00,08:55:00,1625,2.0,No Info,12723
Indigo,2019-03-06,Delhi,Cochin,05:35:00,08:50:00,195,0.0,No Info,7673
Indigo,2019-06-15,Chennai,Kolkata,15:40:00,18:25:00,165,0.0,No Info,3540
Jet Airways,2019-06-01,Banglore,Delhi,18:55:00,22:00:00,185,0.0,No Info,8016
Air India,2019-03-06,Delhi,Cochin,12:00:00,07:40:00,1180,2.0,No Info,14746
Indigo,2019-05-09,Banglore,Delhi,01:30:00,04:15:00,165,0.0,No Info,3419
Jet Airways,2019-06-01,Mumbai,Hyderabad,02:55:00,04:20:00,85,0.0,In-flight meal not included,4050
Jet Airways,2019-05-12,Kolkata,Banglore,16:30:00,09:20:00,1010,1.0,In-flight meal not included,9663
Jet Airways,2019-03-27,Delhi,Cochin,23:05:00,19:45:00,1240,1.0,In-flight meal not included,7438
Air India,2019-06-09,Kolkata,Banglore,09:50:00,23:15:00,805,3.0,No Info,14960
Vistara,2019-03-24,Banglore,New Delhi,09:50:00,12:35:00,165,0.0,No Info,6138
Air India,2019-05-01,Kolkata,Banglore,09:25:00,18:20:00,535,2.0,No Info,8366
Vistara,2019-06-01,Banglore,Delhi,11:30:00,14:20:00,170,0.0,No Info,4668
Jet Airways,2019-05-21,Delhi,Cochin,11:30:00,19:00:00,450,1.0,In-flight meal not included,12898
Air India,2019-06-27,Delhi,Cochin,19:45:00,19:15:00,1410,2.0,No Info,9653
Jet Airways,2019-06-09,Delhi,Cochin,14:05:00,12:35:00,1350,2.0,No Info,13882
Multiple Carriers,2019-06-24,Delhi,Cochin,13:15:00,22:30:00,555,1.0,No Info,8018
Multiple Carriers,2019-06-27,Delhi,Cochin,04:55:00,19:15:00,860,1.0,No Info,7155
Air India,2019-03-03,Delhi,Cochin,09:45:00,23:00:00,795,1.0,No Info,27282
Jet Airways,2019-04-01,Mumbai,Hyderabad,10:20:00,11:50:00,90,0.0,In-flight meal not included,3205
Spicejet,2019-04-18,Banglore,Delhi,21:10:00,00:05:00,175,0.0,No Info,5621
Jet Airways,2019-05-21,Banglore,Delhi,11:10:00,14:05:00,175,0.0,In-flight meal not included,4030
Jet Airways,2019-05-21,Kolkata,Banglore,14:05:00,04:40:00,875,1.0,No Info,14388
Air India,2019-03-15,Banglore,New Delhi,05:50:00,16:20:00,630,2.0,No Info,7664
Air India,2019-05-21,Kolkata,Banglore,12:00:00,21:50:00,590,2.0,No Info,10151
Spicejet,2019-03-06,Kolkata,Banglore,09:00:00,11:30:00,150,0.0,No Info,4096
Spicejet,2019-03-18,Mumbai,Hyderabad,05:45:00,07:05:00,80,0.0,No check-in baggage included,2385
Jet Airways,2019-06-15,Delhi,Cochin,18:15:00,04:25:00,610,1.0,In-flight meal not included,10262
Indigo,2019-06-24,Delhi,Cochin,18:35:00,01:30:00,415,1.0,No Info,5883
Multiple Carriers,2019-05-21,Delhi,Cochin,10:20:00,21:00:00,640,1.0,No Info,7485
Spicejet,2019-04-01,Delhi,Cochin,08:45:00,13:15:00,270,1.0,No Info,4812
Air India,2019-04-01,Kolkata,Banglore,10:00:00,05:25:00,1165,2.0,No Info,12639
Indigo,2019-04-06,Kolkata,Banglore,04:40:00,07:15:00,155,0.0,No Info,4174
Air India,2019-06-15,Delhi,Cochin,09:45:00,09:25:00,1420,2.0,No Info,10975
Jet Airways,2019-03-03,Delhi,Cochin,09:55:00,18:50:00,535,1.0,No Info,18550
Multiple Carriers,2019-03-21,Delhi,Cochin,07:00:00,13:20:00,380,1.0,No Info,9042
Air India,2019-05-21,Delhi,Cochin,17:15:00,19:15:00,1560,2.0,No Info,11989
Jet Airways,2019-04-15,Banglore,Delhi,17:45:00,20:45:00,180,0.0,No Info,7229
Air Asia,2019-06-12,Delhi,Cochin,07:55:00,15:45:00,470,1.0,No Info,6152
Indigo,2019-03-09,Delhi,Cochin,04:45:00,21:00:00,975,1.0,No Info,10518
Indigo,2019-03-03,Chennai,Kolkata,11:35:00,14:00:00,145,0.0,No Info,7295
Multiple Carriers,2019-06-09,Delhi,Cochin,09:45:00,22:30:00,765,1.0,No Info,9646
Indigo,2019-05-27,Delhi,Cochin,18:35:00,01:30:00,415,1.0,No Info,6628
Multiple Carriers,2019-05-27,Delhi,Cochin,08:30:00,19:15:00,645,1.0,No Info,9149
Jet Airways,2019-03-06,Delhi,Cochin,02:15:00,04:25:00,1570,1.0,No Info,17024
Air India,2019-03-27,Delhi,Cochin,07:00:00,19:15:00,735,1.0,No Info,6377
Jet Airways,2019-03-21,Delhi,Cochin,20:50:00,04:25:00,455,1.0,In-flight meal not included,9212
Air Asia,2019-06-06,Banglore,Delhi,11:10:00,13:55:00,165,0.0,No Info,4483
Indigo,2019-03-03,Delhi,Cochin,11:55:00,21:20:00,565,2.0,No Info,9413
Indigo,2019-03-27,Delhi,Cochin,17:10:00,01:35:00,505,1.0,No Info,6316
Jet Airways,2019-03-01,Banglore,New Delhi,07:00:00,21:20:00,860,1.0,No Info,27992
Indigo,2019-06-27,Banglore,Delhi,16:55:00,19:55:00,180,0.0,No Info,4823
Air India,2019-03-21,Delhi,Cochin,07:05:00,09:25:00,1580,2.0,No Info,7615
Spicejet,2019-04-09,Kolkata,Banglore,17:10:00,19:40:00,150,0.0,No Info,3873
Jet Airways,2019-05-09,Kolkata,Banglore,20:00:00,04:40:00,520,1.0,In-flight meal not included,8586
Indigo,2019-06-03,Delhi,Cochin,15:00:00,01:30:00,630,1.0,No Info,6104
Jet Airways,2019-06-09,Kolkata,Banglore,14:05:00,22:35:00,510,1.0,In-flight meal not included,10844
Indigo,2019-03-03,Delhi,Cochin,07:30:00,21:00:00,810,1.0,No Info,14871
Jet Airways,2019-05-18,Banglore,Delhi,17:45:00,20:45:00,180,0.0,No Info,7229
Jet Airways,2019-05-09,Kolkata,Banglore,21:10:00,04:40:00,450,1.0,In-flight meal not included,9663
Air India,2019-05-18,Delhi,Cochin,18:45:00,19:15:00,1470,2.0,No Info,12940
Jet Airways,2019-06-12,Delhi,Cochin,14:35:00,12:35:00,1320,2.0,No Info,13376
Indigo,2019-05-06,Kolkata,Banglore,06:20:00,10:20:00,240,1.0,No Info,4226
Multiple Carriers,2019-03-06,Delhi,Cochin,07:05:00,13:20:00,375,1.0,No Info,17267
Air India,2019-05-09,Banglore,Delhi,17:00:00,19:45:00,165,0.0,No Info,5228
Multiple Carriers,2019-06-27,Delhi,Cochin,18:00:00,01:30:00,450,1.0,No Info,7198
Vistara,2019-03-01,Banglore,New Delhi,11:30:00,14:10:00,160,0.0,No Info,12648
Air India,2019-06-09,Kolkata,Banglore,17:30:00,20:25:00,1615,1.0,No Info,10413
Jet Airways,2019-05-06,Kolkata,Banglore,16:30:00,09:20:00,1010,1.0,In-flight meal not included,9663
Indigo,2019-04-15,Delhi,Cochin,17:05:00,22:15:00,310,1.0,No Info,5912
Multiple Carriers,2019-06-15,Delhi,Cochin,11:30:00,21:00:00,570,1.0,No Info,13587
Jet Airways,2019-04-27,Banglore,Delhi,18:55:00,22:00:00,185,0.0,In-flight meal not included,4544
Air India,2019-03-01,Banglore,New Delhi,17:00:00,12:15:00,1155,1.0,No Info,10246
Jet Airways,2019-05-21,Banglore,Delhi,07:10:00,10:10:00,180,0.0,In-flight meal not included,4030
Indigo,2019-05-06,Kolkata,Banglore,17:35:00,22:15:00,280,1.0,No Info,5699
Multiple Carriers,2019-03-01,Delhi,Cochin,19:00:00,01:35:00,395,1.0,No Info,23533
Multiple Carriers,2019-04-09,Delhi,Cochin,07:05:00,18:10:00,665,1.0,No Info,6601
Multiple Carriers,2019-05-18,Delhi,Cochin,14:00:00,21:00:00,420,1.0,No Info,13727
Indigo,2019-04-18,Banglore,Delhi,01:30:00,04:15:00,165,0.0,No Info,4591
Air India,2019-03-06,Mumbai,Hyderabad,05:30:00,22:00:00,990,2.0,No Info,9678
Jet Airways,2019-05-27,Banglore,Delhi,11:10:00,14:05:00,175,0.0,In-flight meal not included,4030
Jet Airways,2019-05-21,Delhi,Cochin,09:40:00,12:35:00,1615,2.0,In-flight meal not included,13029
Multiple Carriers,2019-06-01,Delhi,Cochin,09:00:00,21:00:00,720,1.0,No Info,7933
Multiple Carriers,2019-06-24,Delhi,Cochin,14:55:00,22:30:00,455,1.0,In-flight meal not included,6093
Indigo,2019-06-12,Kolkata,Banglore,15:15:00,17:45:00,150,0.0,No Info,4804
Air India,2019-06-03,Delhi,Cochin,12:20:00,19:15:00,1855,2.0,No Info,12488
Multiple Carriers,2019-03-27,Delhi,Cochin,11:40:00,18:50:00,430,1.0,No Info,11421
Indigo,2019-06-24,Delhi,Cochin,16:10:00,22:30:00,380,1.0,No Info,6412
Jet Airways,2019-06-06,Kolkata,Banglore,06:30:00,04:40:00,1330,1.0,No Info,13731
Jet Airways,2019-05-18,Banglore,Delhi,06:00:00,08:45:00,165,0.0,No Info,7229
Jet Airways,2019-06-06,Kolkata,Banglore,17:00:00,10:55:00,1075,1.0,No Info,12692
Jet Airways,2019-05-12,Kolkata,Banglore,06:30:00,04:40:00,1330,1.0,In-flight meal not included,8586
Jet Airways,2019-06-09,Kolkata,Banglore,06:30:00,12:00:00,330,1.0,In-flight meal not included,10844
Jet Airways,2019-06-24,Delhi,Cochin,13:00:00,12:35:00,1415,1.0,In-flight meal not included,10262
Multiple Carriers,2019-03-06,Delhi,Cochin,10:20:00,01:35:00,915,1.0,No Info,15147
Vistara,2019-06-06,Banglore,Delhi,07:00:00,09:40:00,160,0.0,No Info,4668
Jet Airways,2019-03-24,Kolkata,Banglore,13:55:00,19:40:00,345,1.0,No Info,14231
Multiple Carriers,2019-05-27,Delhi,Cochin,16:00:00,01:30:00,570,1.0,In-flight meal not included,7308
Vistara,2019-06-06,Kolkata,Banglore,07:10:00,09:05:00,1555,1.0,No Info,8452
Jet Airways,2019-05-06,Banglore,Delhi,06:00:00,08:45:00,165,0.0,No Info,7229
Indigo,2019-03-12,Chennai,Kolkata,22:05:00,00:30:00,145,0.0,No Info,6297
Indigo,2019-04-03,Kolkata,Banglore,15:15:00,17:45:00,150,0.0,No Info,4174
Spicejet,2019-04-09,Delhi,Cochin,06:05:00,11:20:00,315,1.0,No Info,5351
Air Asia,2019-06-27,Delhi,Cochin,16:45:00,07:10:00,865,1.0,No Info,6451
Indigo,2019-06-15,Delhi,Cochin,10:35:00,01:30:00,895,1.0,No Info,5883
Jet Airways,2019-03-09,Delhi,Cochin,15:55:00,04:25:00,750,2.0,No Info,19172
Air Asia,2019-03-24,Banglore,New Delhi,23:25:00,02:10:00,165,0.0,No Info,4482
Jet Airways,2019-05-15,Kolkata,Banglore,16:30:00,16:20:00,1430,1.0,In-flight meal not included,10844
Jet Airways,2019-06-12,Delhi,Cochin,13:00:00,19:00:00,360,1.0,No Info,14714
Multiple Carriers,2019-03-06,Delhi,Cochin,13:05:00,21:20:00,495,2.0,No Info,10759
Jet Airways,2019-05-09,Banglore,Delhi,08:20:00,11:20:00,180,0.0,No Info,7229
Jet Airways,2019-05-27,Delhi,Cochin,22:50:00,19:00:00,1210,1.0,In-flight meal not included,12898
Indigo,2019-03-01,Banglore,New Delhi,21:20:00,00:15:00,175,0.0,No Info,12649
Multiple Carriers,2019-05-21,Delhi,Cochin,11:25:00,19:00:00,455,1.0,No Info,9103
Air India,2019-06-09,Kolkata,Banglore,12:00:00,13:15:00,1515,1.0,No Info,7662
Jet Airways,2019-03-12,Banglore,New Delhi,05:45:00,23:00:00,1035,1.0,No Info,13817
Air India,2019-06-12,Kolkata,Banglore,10:00:00,13:45:00,1665,2.0,No Info,12224
Air India,2019-03-12,Mumbai,Hyderabad,01:35:00,14:50:00,795,2.0,No Info,9977
